chr10,112825000,112850000,left_only
chr10,30700000,30725000,left_only
chr10,103975000,104000000,left_only
chr10,22275000,22300000,left_only
chr10,20100000,20125000,left_only
chr10,91000000,91025000,left_only
chr11,65140000,65150000,left_only
chr11,3850000,3875000,left_only
chr11,10550000,10575000,left_only
chr11,34925000,34950000,left_only
chr12,25400000,25425000,left_only
chr12,3975000,4000000,left_only
chr12,44150000,44175000,left_only
chr12,106750000,106775000,left_only
chr12,69750000,69775000,left_only
chr12,108950000,108975000,left_only
chr12,32900000,32925000,left_only
chr12,54680000,54690000,left_only
chr13,103225000,103250000,left_only
chr13,39600000,39625000,left_only
chr14,23925000,23950000,left_only
chr15,66675000,66700000,left_only
chr15,49150000,49175000,left_only
chr15,90425000,90450000,left_only
chr15,65130000,65140000,left_only
chr15,101830000,101840000,left_only
chr16,30950000,30975000,left_only
chr17,40975000,41000000,left_only
chr17,38550000,38575000,left_only
chr17,19875000,19900000,left_only
chr17,61500000,61525000,left_only
chr17,28425000,28450000,left_only
chr17,19250000,19275000,left_only
chr18,67850000,67875000,left_only
chr19,15530000,15540000,left_only
chr19,920000,930000,left_only
chr19,2825000,2850000,left_only
chr19,47775000,47800000,left_only
chr19,1275000,1300000,left_only
chr19,14675000,14700000,left_only
chr19,33450000,33475000,left_only
chr19,54975000,55000000,left_only
chr19,19625000,19650000,left_only
chr19,19475000,19500000,left_only
chr19,35225000,35250000,left_only
chr1,35650000,35675000,left_only
chr1,181000000,181025000,left_only
chr1,109825000,109850000,left_only
chr1,159750000,159775000,left_only
chr1,47900000,47925000,left_only
chr1,28400000,28425000,left_only
chr1,45475000,45500000,left_only
chr1,45475000,45500000,left_only
chr1,43225000,43250000,left_only
chr1,171750000,171775000,left_only
chr1,110075000,110100000,left_only
chr1,89450000,89475000,left_only
chr1,89450000,89475000,left_only
chr1,100725000,100750000,left_only
chr1,165575000,165600000,left_only
chr1,87775000,87800000,left_only
chr1,236750000,236775000,left_only
chr1,38475000,38500000,left_only
chr1,200575000,200600000,left_only
chr1,26430000,26440000,left_only
chr1,146640000,146650000,left_only
chr1,110035000,110040000,left_only
chr20,52825000,52850000,left_only
chr21,38625000,38650000,left_only
chr22,19700000,19725000,left_only
chr22,39925000,39950000,left_only
chrX,47420000,47430000,left_only
chrX,47050000,47075000,left_only
chrX,77150000,77175000,left_only
chr2,219150000,219160000,left_only
chr2,66660000,66670000,left_only
chr2,201750000,201775000,left_only
chr2,10250000,10275000,left_only
chr2,214125000,214150000,left_only
chr2,172950000,172975000,left_only
chr2,172950000,172975000,left_only
chr2,70125000,70150000,left_only
chr3,195800000,195810000,left_only
chr3,194975000,195000000,left_only
chr3,193850000,193875000,left_only
chr3,184075000,184100000,left_only
chr3,183600000,183625000,left_only
chr3,49750000,49775000,left_only
chr4,82375000,82400000,left_only
chr4,55525000,55550000,left_only
chr4,166025000,166050000,left_only
chr4,170525000,170550000,left_only
chr4,170525000,170550000,left_only
chr5,139940000,139950000,left_only
chr5,130500000,130510000,left_only
chr5,130600000,130625000,left_only
chr5,130500000,130525000,left_only
chr5,53800000,53825000,left_only
chr5,94975000,95000000,left_only
chr6,31510000,31520000,left_only
chr6,52150000,52175000,left_only
chr6,52150000,52175000,left_only
chr6,41750000,41775000,left_only
chr6,53400000,53425000,left_only
chr6,75975000,76000000,left_only
chr6,82950000,82975000,left_only
chr6,132825000,132850000,left_only
chr6,151750000,151775000,left_only
chr7,43600000,43625000,left_only
chr7,73475000,73500000,left_only
chr7,48000000,48025000,left_only
chr7,44625000,44650000,left_only
chr7,44625000,44650000,left_only
chr7,107375000,107400000,left_only
chr7,92850000,92875000,left_only
chr7,99510000,99520000,left_only
chr8,135725000,135750000,left_only
chr8,101950000,101975000,left_only
chr8,101150000,101175000,left_only
chr8,128725000,128750000,left_only
chr8,38025000,38050000,left_only
chr8,103250000,103275000,left_only
chr8,95825000,95850000,left_only
chr8,91000000,91025000,left_only
chr9,92220000,92230000,left_only
chr9,130700000,130710000,left_only
chr9,133575000,133600000,left_only
chr9,36400000,36425000,left_only
chr9,132400000,132425000,left_only
chr9,79000000,79025000,left_only
ï»¿chr10,102190000,102195000,right_only
chr10,99620000,99630000,right_only
chr10,17290000,17300000,right_only
chr10,79400000,79410000,right_only
chr10,71390000,71400000,right_only
chr10,111970000,111980000,right_only
chr10,105620000,105630000,right_only
chr10,70850000,70860000,right_only
chr10,95240000,95250000,right_only
chr10,71150000,71160000,right_only
chr10,76850000,76860000,right_only
chr10,112040000,112050000,right_only
chr10,97370000,97380000,right_only
chr10,95430000,95440000,right_only
chr10,22010000,22020000,right_only
chr10,124190000,124200000,right_only
chr10,29270000,29280000,right_only
chr10,33290000,33300000,right_only
chr10,73040000,73050000,right_only
chr10,131770000,131780000,right_only
chr10,112950000,112975000,right_only
chr10,97100000,97125000,right_only
chr10,129800000,129825000,right_only
chr10,98950000,98975000,right_only
chr10,72100000,72125000,right_only
chr10,30800000,30825000,right_only
chr10,11750000,11775000,right_only
chr10,104100000,104125000,right_only
chr10,112300000,112325000,right_only
chr10,30875000,30900000,right_only
chr10,14850000,14875000,right_only
chr10,121175000,121200000,right_only
chr10,72500000,72525000,right_only
chr10,75825000,75850000,right_only
chr10,72625000,72650000,right_only
chr10,49850000,49875000,right_only
chr10,27150000,27175000,right_only
chr10,101775000,101800000,right_only
chr10,5650000,5675000,right_only
chr10,72950000,72975000,right_only
chr10,88650000,88675000,right_only
chr10,76775000,76800000,right_only
chr10,118925000,118950000,right_only
chr10,94175000,94200000,right_only
chr10,134150000,134175000,right_only
chr10,43950000,43975000,right_only
chr10,115850000,115875000,right_only
chr10,6700000,6725000,right_only
chr10,92600000,92625000,right_only
chr10,12025000,12050000,right_only
chr10,6425000,6450000,right_only
chr10,30500000,30525000,right_only
chr10,50700000,50725000,right_only
chr10,5325000,5350000,right_only
chr10,103325000,103350000,right_only
chr10,125725000,125750000,right_only
chr10,74600000,74625000,right_only
chr10,93000000,93025000,right_only
chr10,5450000,5475000,right_only
chr10,29575000,29600000,right_only
chr10,101475000,101500000,right_only
chr10,134250000,134275000,right_only
chr10,23250000,23275000,right_only
chr10,27925000,27950000,right_only
chr10,112625000,112650000,right_only
chr10,9325000,9350000,right_only
chr10,61775000,61800000,right_only
chr10,130325000,130350000,right_only
chr10,4800000,4825000,right_only
chr10,62175000,62200000,right_only
chr10,86300000,86325000,right_only
chr10,4675000,4700000,right_only
chr10,9225000,9250000,right_only
chr10,25350000,25375000,right_only
chr10,80950000,80975000,right_only
chr10,98050000,98075000,right_only
chr10,118025000,118050000,right_only
chr10,71250000,71275000,right_only
chr10,37050000,37075000,right_only
chr10,18500000,18525000,right_only
chr10,101000000,101025000,right_only
chr10,131750000,131775000,right_only
chr10,120000000,120025000,right_only
chr10,16800000,16825000,right_only
chr10,21050000,21075000,right_only
chr10,95425000,95450000,right_only
chr10,11500000,11525000,right_only
chr10,126075000,126100000,right_only
chr10,85625000,85650000,right_only
chr10,68675000,68700000,right_only
chr10,11300000,11325000,right_only
chr10,124875000,124900000,right_only
chr10,120200000,120225000,right_only
chr10,15750000,15775000,right_only
chr10,28675000,28700000,right_only
chr10,65375000,65400000,right_only
chr10,80400000,80425000,right_only
chr10,54525000,54550000,right_only
chr10,90950000,90975000,right_only
chr10,91125000,91150000,right_only
chr10,102625000,102650000,right_only
chr11,36490000,36500000,right_only
chr11,121460000,121470000,right_only
chr11,122370000,122380000,right_only
chr11,2540000,2550000,right_only
chr11,65270000,65280000,right_only
chr11,57400000,57410000,right_only
chr11,64660000,64670000,right_only
chr11,47170000,47180000,right_only
chr11,57410000,57420000,right_only
chr11,46330000,46340000,right_only
chr11,33990000,34000000,right_only
chr11,128820000,128830000,right_only
chr11,48130000,48140000,right_only
chr11,128700000,128710000,right_only
chr11,32190000,32200000,right_only
chr11,122640000,122650000,right_only
chr11,66600000,66610000,right_only
chr11,78270000,78280000,right_only
chr11,12300000,12310000,right_only
chr11,63910000,63920000,right_only
chr11,17520000,17530000,right_only
chr11,36510000,36520000,right_only
chr11,19760000,19770000,right_only
chr11,33340000,33350000,right_only
chr11,123110000,123120000,right_only
chr11,44930000,44940000,right_only
chr11,134010000,134020000,right_only
chr11,32810000,32820000,right_only
chr11,57000000,57010000,right_only
chr11,12910000,12920000,right_only
chr11,2900000,2910000,right_only
chr11,14260000,14270000,right_only
chr11,2170000,2180000,right_only
chr11,44550000,44560000,right_only
chr11,126060000,126070000,right_only
chr11,1850000,1860000,right_only
chr11,11800000,11810000,right_only
chr11,36280000,36290000,right_only
chr11,101870000,101880000,right_only
chr11,27510000,27520000,right_only
chr11,71270000,71280000,right_only
chr11,117920000,117930000,right_only
chr11,130730000,130740000,right_only
chr11,111275000,111300000,right_only
chr11,130000000,130025000,right_only
chr11,121450000,121475000,right_only
chr11,124625000,124650000,right_only
chr11,62275000,62300000,right_only
chr11,4075000,4100000,right_only
chr11,116950000,116975000,right_only
chr11,85900000,85925000,right_only
chr11,72275000,72300000,right_only
chr11,57225000,57250000,right_only
chr11,116975000,117000000,right_only
chr11,111625000,111650000,right_only
chr11,111700000,111725000,right_only
chr11,128625000,128650000,right_only
chr11,73350000,73375000,right_only
chr11,2425000,2450000,right_only
chr11,122900000,122925000,right_only
chr11,2875000,2900000,right_only
chr11,62775000,62800000,right_only
chr11,107550000,107575000,right_only
chr11,77250000,77275000,right_only
chr11,110225000,110250000,right_only
chr11,124450000,124475000,right_only
chr11,18750000,18775000,right_only
chr11,118350000,118375000,right_only
chr11,45300000,45325000,right_only
chr11,120550000,120575000,right_only
chr11,4550000,4575000,right_only
chr11,72375000,72400000,right_only
chr11,59175000,59200000,right_only
chr11,14250000,14275000,right_only
chr11,2900000,2925000,right_only
chr11,117650000,117675000,right_only
chr11,119950000,119975000,right_only
chr11,35400000,35425000,right_only
chr11,14450000,14475000,right_only
chr11,13350000,13375000,right_only
chr11,128700000,128725000,right_only
chr11,113400000,113425000,right_only
chr11,130275000,130300000,right_only
chr11,20125000,20150000,right_only
chr11,86500000,86525000,right_only
chr11,45675000,45700000,right_only
chr11,34900000,34925000,right_only
chr11,86975000,87000000,right_only
chr11,12900000,12925000,right_only
chr11,129600000,129625000,right_only
chr11,6350000,6375000,right_only
chr11,93375000,93400000,right_only
chr11,96150000,96175000,right_only
chr11,57000000,57025000,right_only
chr11,122375000,122400000,right_only
chr11,114125000,114150000,right_only
chr11,111100000,111125000,right_only
chr11,129175000,129200000,right_only
chr11,8575000,8600000,right_only
chr11,133675000,133700000,right_only
chr11,2000000,2025000,right_only
chr11,125000000,125025000,right_only
chr11,7700000,7725000,right_only
chr11,70025000,70050000,right_only
chr11,117800000,117825000,right_only
chr11,33750000,33775000,right_only
chr11,31875000,31900000,right_only
chr11,108500000,108525000,right_only
chr11,14900000,14925000,right_only
chr11,17500000,17525000,right_only
chr11,18800000,18825000,right_only
chr11,127875000,127900000,right_only
chr11,16625000,16650000,right_only
chr11,78775000,78800000,right_only
chr11,50025000,50050000,right_only
chr11,94225000,94250000,right_only
chr11,130725000,130750000,right_only
chr11,62625000,62650000,right_only
chr11,114625000,114650000,right_only
chr11,19575000,19600000,right_only
chr11,113150000,113175000,right_only
chr11,27175000,27200000,right_only
chr11,101700000,101725000,right_only
chr11,43300000,43325000,right_only
chr11,131525000,131550000,right_only
chr11,32450000,32475000,right_only
chr11,127200000,127225000,right_only
chr11,80950000,80975000,right_only
chr11,83525000,83550000,right_only
chr11,128500000,128525000,right_only
chr11,11800000,11825000,right_only
chr11,22800000,22825000,right_only
chr11,14775000,14800000,right_only
chr11,100775000,100800000,right_only
chr11,74925000,74950000,right_only
chr11,82950000,82975000,right_only
chr11,11025000,11050000,right_only
chr11,45350000,45375000,right_only
chr11,96075000,96100000,right_only
chr11,60375000,60400000,right_only
chr11,95475000,95500000,right_only
chr11,128475000,128500000,right_only
chr11,45115000,45120000,right_only
chr12,25525000,25550000,right_only
chr12,4200000,4225000,right_only
chr12,57825000,57850000,right_only
chr12,54750000,54775000,right_only
chr12,122100000,122125000,right_only
chr12,10275000,10300000,right_only
chr12,58300000,58325000,right_only
chr12,4350000,4375000,right_only
chr12,49900000,49925000,right_only
chr12,123425000,123450000,right_only
chr12,13350000,13375000,right_only
chr12,57375000,57400000,right_only
chr12,117550000,117575000,right_only
chr12,68975000,69000000,right_only
chr12,9000000,9025000,right_only
chr12,8125000,8150000,right_only
chr12,22775000,22800000,right_only
chr12,63175000,63200000,right_only
chr12,56325000,56350000,right_only
chr12,94125000,94150000,right_only
chr12,9875000,9900000,right_only
chr12,2025000,2050000,right_only
chr12,12175000,12200000,right_only
chr12,1675000,1700000,right_only
chr12,4375000,4400000,right_only
chr12,32800000,32825000,right_only
chr12,12825000,12850000,right_only
chr12,77175000,77200000,right_only
chr12,2675000,2700000,right_only
chr12,7775000,7800000,right_only
chr12,44250000,44275000,right_only
chr12,133075000,133100000,right_only
chr12,98900000,98925000,right_only
chr12,110850000,110875000,right_only
chr12,42700000,42725000,right_only
chr12,65500000,65525000,right_only
chr12,14600000,14625000,right_only
chr12,107300000,107325000,right_only
chr12,68700000,68725000,right_only
chr12,3125000,3150000,right_only
chr12,55325000,55350000,right_only
chr12,107975000,108000000,right_only
chr12,69950000,69975000,right_only
chr12,53350000,53375000,right_only
chr12,5975000,6000000,right_only
chr12,8375000,8400000,right_only
chr12,108875000,108900000,right_only
chr12,70950000,70975000,right_only
chr12,86250000,86275000,right_only
chr12,9200000,9225000,right_only
chr12,52200000,52225000,right_only
chr12,47050000,47075000,right_only
chr12,10825000,10850000,right_only
chr12,3875000,3900000,right_only
chr12,125225000,125250000,right_only
chr12,108275000,108300000,right_only
chr12,10700000,10725000,right_only
chr12,30975000,31000000,right_only
chr12,65600000,65625000,right_only
chr12,11625000,11650000,right_only
chr12,123675000,123700000,right_only
chr12,21800000,21825000,right_only
chr12,67250000,67275000,right_only
chr12,76425000,76450000,right_only
chr12,1200000,1225000,right_only
chr12,28075000,28100000,right_only
chr12,106500000,106525000,right_only
chr12,93800000,93825000,right_only
chr12,39475000,39500000,right_only
chr12,114925000,114950000,right_only
chr12,71100000,71125000,right_only
chr12,116325000,116350000,right_only
chr12,116175000,116200000,right_only
chr12,114325000,114350000,right_only
chr12,56000000,56025000,right_only
chr12,64200000,64225000,right_only
chr12,41300000,41325000,right_only
chr12,77375000,77400000,right_only
chr12,101700000,101725000,right_only
chr12,105525000,105550000,right_only
chr12,82375000,82400000,right_only
chr12,64175000,64200000,right_only
chr12,72125000,72150000,right_only
chr12,75675000,75700000,right_only
chr12,119825000,119850000,right_only
chr12,34150000,34175000,right_only
chr12,91700000,91725000,right_only
chr12,103925000,103950000,right_only
chr12,95925000,95950000,right_only
chr12,26150000,26175000,right_only
chr12,104500000,104525000,right_only
chr12,69450000,69475000,right_only
chr12,4625000,4650000,right_only
chr12,75875000,75900000,right_only
chr12,27800000,27825000,right_only
chr12,96900000,96925000,right_only
chr12,93775000,93800000,right_only
chr12,16000000,16025000,right_only
chr12,124800000,124825000,right_only
chr12,650000,660000,right_only
chr12,109190000,109200000,right_only
chr12,50440000,50450000,right_only
chr12,111880000,111890000,right_only
chr12,53370000,53380000,right_only
chr12,53810000,53820000,right_only
chr12,57570000,57580000,right_only
chr12,50100000,50110000,right_only
chr12,54750000,54760000,right_only
chr12,96600000,96610000,right_only
chr12,2040000,2050000,right_only
chr12,49730000,49740000,right_only
chr12,52710000,52720000,right_only
chr12,54590000,54600000,right_only
chr12,1890000,1900000,right_only
chr12,109010000,109020000,right_only
chr12,6390000,6400000,right_only
chr12,53250000,53260000,right_only
chr12,25280000,25290000,right_only
chr12,110210000,110220000,right_only
chr12,27150000,27160000,right_only
chr12,86260000,86270000,right_only
chr12,89850000,89860000,right_only
chr12,72240000,72250000,right_only
chr12,22590000,22600000,right_only
chr12,7610000,7620000,right_only
chr12,94490000,94500000,right_only
chr12,71120000,71130000,right_only
chr12,4380000,4390000,right_only
chr12,64640000,64650000,right_only
chr12,31790000,31800000,right_only
chr12,53270000,53280000,right_only
chr12,51400000,51410000,right_only
chr12,94920000,94930000,right_only
chr12,18020000,18030000,right_only
chr12,130820000,130830000,right_only
chr12,32460000,32470000,right_only
chr12,65080000,65090000,right_only
chr12,5110000,5120000,right_only
chr13,28550000,28575000,right_only
chr13,49325000,49350000,right_only
chr13,28375000,28400000,right_only
chr13,29200000,29225000,right_only
chr13,99300000,99325000,right_only
chr13,47275000,47300000,right_only
chr13,45850000,45875000,right_only
chr13,52350000,52375000,right_only
chr13,86375000,86400000,right_only
chr13,21400000,21425000,right_only
chr13,40175000,40200000,right_only
chr13,98000000,98025000,right_only
chr13,45525000,45550000,right_only
chr13,41250000,41275000,right_only
chr13,111050000,111075000,right_only
chr13,27450000,27475000,right_only
chr13,71125000,71150000,right_only
chr13,22025000,22050000,right_only
chr13,74275000,74300000,right_only
chr13,29350000,29375000,right_only
chr13,60225000,60250000,right_only
chr13,25550000,25575000,right_only
chr13,30675000,30700000,right_only
chr13,42675000,42700000,right_only
chr13,27050000,27075000,right_only
chr13,22050000,22075000,right_only
chr13,87900000,87925000,right_only
chr13,28525000,28550000,right_only
chr13,48325000,48350000,right_only
chr13,44375000,44400000,right_only
chr13,77025000,77050000,right_only
chr13,35725000,35750000,right_only
chr13,46700000,46725000,right_only
chr13,77475000,77500000,right_only
chr13,80900000,80925000,right_only
chr13,95800000,95825000,right_only
chr13,36825000,36850000,right_only
chr13,110750000,110775000,right_only
chr13,101750000,101775000,right_only
chr13,81575000,81600000,right_only
chr13,92350000,92375000,right_only
chr13,100625000,100650000,right_only
chr13,42200000,42225000,right_only
chr13,78675000,78700000,right_only
chr13,77825000,77850000,right_only
chr13,79940000,79950000,right_only
chr13,46030000,46040000,right_only
chr13,27930000,27940000,right_only
chr13,96040000,96050000,right_only
chr13,80110000,80120000,right_only
chr13,24790000,24800000,right_only
chr13,77040000,77050000,right_only
chr13,45050000,45060000,right_only
chr13,26630000,26640000,right_only
chr13,95260000,95270000,right_only
chr14,70190000,70200000,right_only
chr14,75950000,75960000,right_only
chr14,35880000,35890000,right_only
chr14,50560000,50570000,right_only
chr14,61910000,61920000,right_only
chr14,21300000,21310000,right_only
chr14,70490000,70500000,right_only
chr14,59900000,59910000,right_only
chr14,64760000,64770000,right_only
chr14,69280000,69290000,right_only
chr14,31370000,31380000,right_only
chr14,32710000,32720000,right_only
chr14,94470000,94480000,right_only
chr14,68140000,68150000,right_only
chr14,73930000,73940000,right_only
chr14,74290000,74300000,right_only
chr14,77530000,77540000,right_only
chr14,24900000,24910000,right_only
chr14,22930000,22940000,right_only
chr14,93240000,93250000,right_only
chr14,73350000,73360000,right_only
chr14,74700000,74725000,right_only
chr14,91875000,91900000,right_only
chr14,35875000,35900000,right_only
chr14,77500000,77525000,right_only
chr14,23000000,23025000,right_only
chr14,81900000,81925000,right_only
chr14,62175000,62200000,right_only
chr14,21425000,21450000,right_only
chr14,53425000,53450000,right_only
chr14,91625000,91650000,right_only
chr14,55225000,55250000,right_only
chr14,103750000,103775000,right_only
chr14,56875000,56900000,right_only
chr14,93600000,93625000,right_only
chr14,52925000,52950000,right_only
chr14,101100000,101125000,right_only
chr14,76800000,76825000,right_only
chr14,75950000,75975000,right_only
chr14,39325000,39350000,right_only
chr14,62300000,62325000,right_only
chr14,72200000,72225000,right_only
chr14,34550000,34575000,right_only
chr14,60625000,60650000,right_only
chr14,90375000,90400000,right_only
chr14,64750000,64775000,right_only
chr14,34250000,34275000,right_only
chr14,59500000,59525000,right_only
chr14,56925000,56950000,right_only
chr14,34675000,34700000,right_only
chr14,69900000,69925000,right_only
chr14,72875000,72900000,right_only
chr14,62575000,62600000,right_only
chr14,91725000,91750000,right_only
chr14,66275000,66300000,right_only
chr14,54800000,54825000,right_only
chr14,34775000,34800000,right_only
chr14,96450000,96475000,right_only
chr14,106475000,106500000,right_only
chr14,61725000,61750000,right_only
chr14,66525000,66550000,right_only
chr14,70475000,70500000,right_only
chr14,64225000,64250000,right_only
chr14,38325000,38350000,right_only
chr14,71025000,71050000,right_only
chr14,63725000,63750000,right_only
chr14,39475000,39500000,right_only
chr14,30675000,30700000,right_only
chr14,51200000,51225000,right_only
chr14,38050000,38075000,right_only
chr14,52725000,52750000,right_only
chr14,75765000,75770000,right_only
chr15,38950000,38975000,right_only
chr15,64350000,64375000,right_only
chr15,78525000,78550000,right_only
chr15,65575000,65600000,right_only
chr15,101775000,101800000,right_only
chr15,77775000,77800000,right_only
chr15,57800000,57825000,right_only
chr15,67050000,67075000,right_only
chr15,81550000,81575000,right_only
chr15,33975000,34000000,right_only
chr15,73975000,74000000,right_only
chr15,98700000,98725000,right_only
chr15,42400000,42425000,right_only
chr15,45900000,45925000,right_only
chr15,69150000,69175000,right_only
chr15,91025000,91050000,right_only
chr15,67575000,67600000,right_only
chr15,93550000,93575000,right_only
chr15,51150000,51175000,right_only
chr15,68450000,68475000,right_only
chr15,38975000,39000000,right_only
chr15,79000000,79025000,right_only
chr15,92600000,92625000,right_only
chr15,100250000,100275000,right_only
chr15,98950000,98975000,right_only
chr15,74600000,74625000,right_only
chr15,60600000,60625000,right_only
chr15,38525000,38550000,right_only
chr15,60800000,60825000,right_only
chr15,59775000,59800000,right_only
chr15,48275000,48300000,right_only
chr15,94650000,94675000,right_only
chr15,81250000,81275000,right_only
chr15,99600000,99625000,right_only
chr15,45200000,45225000,right_only
chr15,75600000,75625000,right_only
chr15,79450000,79475000,right_only
chr15,93250000,93275000,right_only
chr15,91800000,91825000,right_only
chr15,75050000,75075000,right_only
chr15,72425000,72450000,right_only
chr15,63375000,63400000,right_only
chr15,24100000,24125000,right_only
chr15,48525000,48550000,right_only
chr15,37375000,37400000,right_only
chr15,25750000,25775000,right_only
chr15,84225000,84250000,right_only
chr15,89700000,89725000,right_only
chr15,31775000,31800000,right_only
chr15,90600000,90625000,right_only
chr15,52060000,52070000,right_only
chr15,68960000,68970000,right_only
chr15,90410000,90420000,right_only
chr15,75490000,75500000,right_only
chr15,74730000,74740000,right_only
chr15,65180000,65190000,right_only
chr15,93410000,93420000,right_only
chr15,75050000,75060000,right_only
chr15,93450000,93460000,right_only
chr15,89710000,89720000,right_only
chr15,59780000,59790000,right_only
chr15,102180000,102190000,right_only
chr15,81690000,81700000,right_only
chr15,101790000,101800000,right_only
chr15,69690000,69700000,right_only
chr15,92610000,92620000,right_only
chr15,38650000,38660000,right_only
chr15,101540000,101550000,right_only
chr15,37390000,37400000,right_only
chr15,61200000,61210000,right_only
chr16,81760000,81770000,right_only
chr16,68360000,68370000,right_only
chr16,57200000,57210000,right_only
chr16,57450000,57460000,right_only
chr16,55730000,55740000,right_only
chr16,10820000,10830000,right_only
chr16,58500000,58510000,right_only
chr16,58520000,58530000,right_only
chr16,69300000,69310000,right_only
chr16,78000000,78010000,right_only
chr16,54970000,54980000,right_only
chr16,19380000,19390000,right_only
chr16,77610000,77620000,right_only
chr16,75400000,75425000,right_only
chr16,87900000,87925000,right_only
chr16,75125000,75150000,right_only
chr16,86000000,86025000,right_only
chr16,85625000,85650000,right_only
chr16,68525000,68550000,right_only
chr16,67675000,67700000,right_only
chr16,27450000,27475000,right_only
chr16,70800000,70825000,right_only
chr16,67475000,67500000,right_only
chr16,21075000,21100000,right_only
chr16,1100000,1125000,right_only
chr16,19875000,19900000,right_only
chr16,48575000,48600000,right_only
chr16,24500000,24525000,right_only
chr16,11450000,11475000,right_only
chr16,81900000,81925000,right_only
chr16,10575000,10600000,right_only
chr16,31900000,31925000,right_only
chr16,87300000,87325000,right_only
chr16,48650000,48675000,right_only
chr16,48175000,48200000,right_only
chr16,56350000,56375000,right_only
chr16,86550000,86575000,right_only
chr16,46925000,46950000,right_only
chr16,11800000,11825000,right_only
chr16,11000000,11025000,right_only
chr16,58025000,58050000,right_only
chr16,20375000,20400000,right_only
chr16,75775000,75800000,right_only
chr16,19500000,19525000,right_only
chr16,13550000,13575000,right_only
chr16,55850000,55875000,right_only
chr16,49375000,49400000,right_only
chr16,74375000,74400000,right_only
chr16,53050000,53075000,right_only
chr16,31875000,31900000,right_only
chr16,8200000,8225000,right_only
chr16,58550000,58575000,right_only
chr16,88225000,88250000,right_only
chr16,12900000,12925000,right_only
chr16,14625000,14650000,right_only
chr16,31700000,31725000,right_only
chr16,22705000,22710000,right_only
chr17,57930000,57940000,right_only
chr17,47470000,47480000,right_only
chr17,41750000,41760000,right_only
chr17,43900000,43910000,right_only
chr17,41820000,41830000,right_only
chr17,46950000,46960000,right_only
chr17,65470000,65480000,right_only
chr17,56930000,56940000,right_only
chr17,3710000,3720000,right_only
chr17,57510000,57520000,right_only
chr17,42400000,42410000,right_only
chr17,75050000,75060000,right_only
chr17,41830000,41840000,right_only
chr17,71360000,71370000,right_only
chr17,15400000,15410000,right_only
chr17,67230000,67240000,right_only
chr17,27430000,27440000,right_only
chr17,59910000,59920000,right_only
chr17,6340000,6350000,right_only
chr17,25330000,25340000,right_only
chr17,25310000,25320000,right_only
chr17,56070000,56080000,right_only
chr17,19350000,19360000,right_only
chr17,46660000,46670000,right_only
chr17,74500000,74510000,right_only
chr17,39950000,39960000,right_only
chr17,43460000,43470000,right_only
chr17,42070000,42080000,right_only
chr17,38510000,38520000,right_only
chr17,6900000,6910000,right_only
chr17,40650000,40675000,right_only
chr17,48350000,48375000,right_only
chr17,7050000,7075000,right_only
chr17,72450000,72475000,right_only
chr17,42700000,42725000,right_only
chr17,41075000,41100000,right_only
chr17,38675000,38700000,right_only
chr17,74275000,74300000,right_only
chr17,46525000,46550000,right_only
chr17,46650000,46675000,right_only
chr17,72750000,72775000,right_only
chr17,75225000,75250000,right_only
chr17,4300000,4325000,right_only
chr17,20000000,20025000,right_only
chr17,66425000,66450000,right_only
chr17,53350000,53375000,right_only
chr17,2125000,2150000,right_only
chr17,19650000,19675000,right_only
chr17,17525000,17550000,right_only
chr17,25650000,25675000,right_only
chr17,2900000,2925000,right_only
chr17,32475000,32500000,right_only
chr17,39800000,39825000,right_only
chr17,28600000,28625000,right_only
chr17,47050000,47075000,right_only
chr17,47900000,47925000,right_only
chr17,29525000,29550000,right_only
chr17,64900000,64925000,right_only
chr17,31075000,31100000,right_only
chr17,80500000,80525000,right_only
chr17,5600000,5625000,right_only
chr17,33850000,33875000,right_only
chr17,31225000,31250000,right_only
chr17,61025000,61050000,right_only
chr17,53825000,53850000,right_only
chr17,64550000,64575000,right_only
chr17,58500000,58525000,right_only
chr17,57075000,57100000,right_only
chr17,59450000,59475000,right_only
chr17,56175000,56200000,right_only
chr17,63175000,63200000,right_only
chr17,48075000,48100000,right_only
chr17,25900000,25925000,right_only
chr17,35600000,35625000,right_only
chr17,30150000,30175000,right_only
chr17,76400000,76425000,right_only
chr17,68125000,68150000,right_only
chr17,45675000,45700000,right_only
chr17,64150000,64175000,right_only
chr17,21400000,21425000,right_only
chr17,14800000,14825000,right_only
chr17,46675000,46700000,right_only
chr17,59900000,59925000,right_only
chr17,66750000,66775000,right_only
chr17,55000000,55025000,right_only
chr17,11200000,11225000,right_only
chr17,62900000,62925000,right_only
chr17,76000000,76025000,right_only
chr17,8650000,8675000,right_only
chr17,59625000,59650000,right_only
chr17,26200000,26225000,right_only
chr17,41460000,41465000,right_only
chr17,32685000,32690000,right_only
chr17,34125000,34130000,right_only
chr18,68100000,68125000,right_only
chr18,825000,850000,right_only
chr18,43400000,43425000,right_only
chr18,60975000,61000000,right_only
chr18,20975000,21000000,right_only
chr18,20925000,20950000,right_only
chr18,74400000,74425000,right_only
chr18,52625000,52650000,right_only
chr18,77400000,77425000,right_only
chr18,44050000,44075000,right_only
chr18,8975000,9000000,right_only
chr18,3450000,3475000,right_only
chr18,61500000,61525000,right_only
chr18,21375000,21400000,right_only
chr18,46750000,46775000,right_only
chr18,10500000,10525000,right_only
chr18,45525000,45550000,right_only
chr18,47375000,47400000,right_only
chr18,56725000,56750000,right_only
chr18,44225000,44250000,right_only
chr18,48575000,48600000,right_only
chr18,45950000,45975000,right_only
chr18,33850000,33875000,right_only
chr18,59550000,59575000,right_only
chr18,22300000,22325000,right_only
chr18,58200000,58225000,right_only
chr18,19000000,19025000,right_only
chr18,2525000,2550000,right_only
chr18,11150000,11175000,right_only
chr18,20125000,20150000,right_only
chr18,54225000,54250000,right_only
chr18,45250000,45275000,right_only
chr18,59775000,59800000,right_only
chr18,42950000,42975000,right_only
chr18,66325000,66350000,right_only
chr18,20275000,20300000,right_only
chr18,59150000,59175000,right_only
chr18,55100000,55125000,right_only
chr18,37150000,37175000,right_only
chr18,5050000,5075000,right_only
chr18,40825000,40850000,right_only
chr18,3660000,3670000,right_only
chr18,56720000,56730000,right_only
chr18,12930000,12940000,right_only
chr18,12650000,12660000,right_only
chr18,30130000,30140000,right_only
chr19,36420000,36430000,right_only
chr19,9900000,9910000,right_only
chr19,15660000,15670000,right_only
chr19,18100000,18110000,right_only
chr19,3430000,3440000,right_only
chr19,10130000,10140000,right_only
chr19,35620000,35630000,right_only
chr19,19740000,19750000,right_only
chr19,33890000,33900000,right_only
chr19,13700000,13710000,right_only
chr19,5030000,5040000,right_only
chr19,40160000,40170000,right_only
chr19,51760000,51770000,right_only
chr19,42070000,42080000,right_only
chr19,50060000,50070000,right_only
chr19,980000,990000,right_only
chr19,10750000,10760000,right_only
chr19,45980000,45990000,right_only
chr19,51740000,51750000,right_only
chr19,47000000,47025000,right_only
chr19,39800000,39825000,right_only
chr19,16475000,16500000,right_only
chr19,8300000,8325000,right_only
chr19,2600000,2625000,right_only
chr19,42800000,42825000,right_only
chr19,13175000,13200000,right_only
chr19,47875000,47900000,right_only
chr19,7850000,7875000,right_only
chr19,54525000,54550000,right_only
chr19,48200000,48225000,right_only
chr19,9650000,9675000,right_only
chr19,52150000,52175000,right_only
chr19,725000,750000,right_only
chr19,46750000,46775000,right_only
chr19,33600000,33625000,right_only
chr19,55150000,55175000,right_only
chr19,15250000,15275000,right_only
chr19,49325000,49350000,right_only
chr19,34575000,34600000,right_only
chr19,56825000,56850000,right_only
chr19,51275000,51300000,right_only
chr19,10325000,10350000,right_only
chr19,13350000,13375000,right_only
chr19,21650000,21675000,right_only
chr19,20050000,20075000,right_only
chr19,28800000,28825000,right_only
chr19,14175000,14200000,right_only
chr19,22050000,22075000,right_only
chr19,35425000,35450000,right_only
chr19,17150000,17175000,right_only
chr1,235575000,235600000,right_only
chr1,150150000,150175000,right_only
chr1,25150000,25175000,right_only
chr1,35750000,35775000,right_only
chr1,39900000,39925000,right_only
chr1,16500000,16525000,right_only
chr1,41875000,41900000,right_only
chr1,15575000,15600000,right_only
chr1,156200000,156225000,right_only
chr1,206750000,206775000,right_only
chr1,153875000,153900000,right_only
chr1,181100000,181125000,right_only
chr1,9525000,9550000,right_only
chr1,109925000,109950000,right_only
chr1,159850000,159875000,right_only
chr1,48175000,48200000,right_only
chr1,53850000,53875000,right_only
chr1,203125000,203150000,right_only
chr1,158075000,158100000,right_only
chr1,204325000,204350000,right_only
chr1,94700000,94725000,right_only
chr1,110300000,110325000,right_only
chr1,95500000,95525000,right_only
chr1,227000000,227025000,right_only
chr1,28525000,28550000,right_only
chr1,169675000,169700000,right_only
chr1,36750000,36775000,right_only
chr1,160575000,160600000,right_only
chr1,95250000,95275000,right_only
chr1,94775000,94800000,right_only
chr1,153450000,153475000,right_only
chr1,45750000,45775000,right_only
chr1,54850000,54875000,right_only
chr1,145550000,145575000,right_only
chr1,246275000,246300000,right_only
chr1,204725000,204750000,right_only
chr1,101750000,101775000,right_only
chr1,212475000,212500000,right_only
chr1,157450000,157475000,right_only
chr1,202250000,202275000,right_only
chr1,179775000,179800000,right_only
chr1,228125000,228150000,right_only
chr1,110975000,111000000,right_only
chr1,59100000,59125000,right_only
chr1,66900000,66925000,right_only
chr1,67600000,67625000,right_only
chr1,43525000,43550000,right_only
chr1,223250000,223275000,right_only
chr1,211650000,211675000,right_only
chr1,93050000,93075000,right_only
chr1,8375000,8400000,right_only
chr1,203450000,203475000,right_only
chr1,117025000,117050000,right_only
chr1,241775000,241800000,right_only
chr1,92375000,92400000,right_only
chr1,171925000,171950000,right_only
chr1,48675000,48700000,right_only
chr1,89900000,89925000,right_only
chr1,214750000,214775000,right_only
chr1,179325000,179350000,right_only
chr1,213150000,213175000,right_only
chr1,22275000,22300000,right_only
chr1,61500000,61525000,right_only
chr1,154300000,154325000,right_only
chr1,167400000,167425000,right_only
chr1,7250000,7275000,right_only
chr1,173150000,173175000,right_only
chr1,84875000,84900000,right_only
chr1,212600000,212625000,right_only
chr1,71500000,71525000,right_only
chr1,183875000,183900000,right_only
chr1,211300000,211325000,right_only
chr1,180125000,180150000,right_only
chr1,67950000,67975000,right_only
chr1,60150000,60175000,right_only
chr1,173375000,173400000,right_only
chr1,90050000,90075000,right_only
chr1,211825000,211850000,right_only
chr1,43200000,43225000,right_only
chr1,221600000,221625000,right_only
chr1,180825000,180850000,right_only
chr1,42600000,42625000,right_only
chr1,203650000,203675000,right_only
chr1,157325000,157350000,right_only
chr1,100900000,100925000,right_only
chr1,224600000,224625000,right_only
chr1,92750000,92775000,right_only
chr1,116125000,116150000,right_only
chr1,231325000,231350000,right_only
chr1,118300000,118325000,right_only
chr1,181125000,181150000,right_only
chr1,246150000,246175000,right_only
chr1,172375000,172400000,right_only
chr1,165875000,165900000,right_only
chr1,22950000,22975000,right_only
chr1,7275000,7300000,right_only
chr1,245200000,245225000,right_only
chr1,152425000,152450000,right_only
chr1,94325000,94350000,right_only
chr1,18150000,18175000,right_only
chr1,75650000,75675000,right_only
chr1,88400000,88425000,right_only
chr1,176025000,176050000,right_only
chr1,51650000,51675000,right_only
chr1,212175000,212200000,right_only
chr1,118425000,118450000,right_only
chr1,244425000,244450000,right_only
chr1,79125000,79150000,right_only
chr1,246600000,246625000,right_only
chr1,20800000,20825000,right_only
chr1,204350000,204375000,right_only
chr1,237000000,237025000,right_only
chr1,196625000,196650000,right_only
chr1,57050000,57075000,right_only
chr1,77575000,77600000,right_only
chr1,6000000,6025000,right_only
chr1,57150000,57175000,right_only
chr1,237025000,237050000,right_only
chr1,14275000,14300000,right_only
chr1,65275000,65300000,right_only
chr1,194250000,194275000,right_only
chr1,100150000,100175000,right_only
chr1,119550000,119575000,right_only
chr1,115250000,115275000,right_only
chr1,186300000,186325000,right_only
chr1,186275000,186300000,right_only
chr1,222625000,222650000,right_only
chr1,243475000,243500000,right_only
chr1,145700000,145725000,right_only
chr1,93625000,93650000,right_only
chr1,88750000,88775000,right_only
chr1,182750000,182775000,right_only
chr1,39300000,39325000,right_only
chr1,200450000,200475000,right_only
chr1,85225000,85250000,right_only
chr1,93075000,93100000,right_only
chr1,174700000,174725000,right_only
chr1,240325000,240350000,right_only
chr1,85200000,85225000,right_only
chr1,41400000,41425000,right_only
chr1,169300000,169325000,right_only
chr1,197875000,197900000,right_only
chr1,192975000,193000000,right_only
chr1,225025000,225050000,right_only
chr1,84575000,84600000,right_only
chr1,244950000,244975000,right_only
chr1,6475000,6500000,right_only
chr1,178950000,178975000,right_only
chr1,115650000,115675000,right_only
chr1,208400000,208425000,right_only
chr1,226150000,226175000,right_only
chr1,64700000,64725000,right_only
chr1,200750000,200775000,right_only
chr1,236650000,236675000,right_only
chr1,11000000,11025000,right_only
chr1,184925000,184950000,right_only
chr1,12675000,12700000,right_only
chr1,32000000,32025000,right_only
chr1,165560000,165570000,right_only
chr1,110850000,110860000,right_only
chr1,27980000,27990000,right_only
chr1,43870000,43880000,right_only
chr1,201010000,201020000,right_only
chr1,31380000,31390000,right_only
chr1,205290000,205300000,right_only
chr1,208120000,208130000,right_only
chr1,21690000,21700000,right_only
chr1,12270000,12280000,right_only
chr1,145060000,145070000,right_only
chr1,26480000,26490000,right_only
chr1,27000000,27010000,right_only
chr1,24710000,24720000,right_only
chr1,17560000,17570000,right_only
chr1,203300000,203310000,right_only
chr1,36180000,36190000,right_only
chr1,11950000,11960000,right_only
chr1,46640000,46650000,right_only
chr1,111320000,111330000,right_only
chr1,150150000,150160000,right_only
chr1,46020000,46030000,right_only
chr1,157450000,157460000,right_only
chr1,27420000,27430000,right_only
chr1,43530000,43540000,right_only
chr1,68220000,68230000,right_only
chr1,161340000,161350000,right_only
chr1,27600000,27610000,right_only
chr1,204090000,204100000,right_only
chr1,26120000,26130000,right_only
chr1,28300000,28310000,right_only
chr1,229610000,229620000,right_only
chr1,175280000,175290000,right_only
chr1,223930000,223940000,right_only
chr1,110520000,110530000,right_only
chr1,182750000,182760000,right_only
chr1,15750000,15760000,right_only
chr1,192570000,192580000,right_only
chr1,203670000,203680000,right_only
chr1,29350000,29360000,right_only
chr1,17930000,17940000,right_only
chr1,147100000,147110000,right_only
chr1,108660000,108670000,right_only
chr1,117590000,117600000,right_only
chr1,210160000,210170000,right_only
chr1,185130000,185140000,right_only
chr1,91300000,91310000,right_only
chr1,165880000,165890000,right_only
chr1,174950000,174960000,right_only
chr1,230440000,230450000,right_only
chr1,19140000,19150000,right_only
chr1,110540000,110550000,right_only
chr1,77990000,78000000,right_only
chr1,172370000,172380000,right_only
chr1,215700000,215710000,right_only
chr1,61400000,61410000,right_only
chr1,182360000,182370000,right_only
chr1,204470000,204475000,right_only
chr1,23960000,23965000,right_only
chr1,23510000,23515000,right_only
chr1,54950000,54955000,right_only
chr1,62870000,62875000,right_only
chr1,110070000,110075000,right_only
chr20,47520000,47525000,right_only
chr20,44570000,44580000,right_only
chr20,57780000,57790000,right_only
chr20,39720000,39730000,right_only
chr20,33110000,33120000,right_only
chr20,36160000,36170000,right_only
chr20,34720000,34730000,right_only
chr20,5770000,5780000,right_only
chr20,20800000,20810000,right_only
chr20,49190000,49200000,right_only
chr20,56780000,56790000,right_only
chr20,21480000,21490000,right_only
chr20,22660000,22670000,right_only
chr20,42700000,42710000,right_only
chr20,9580000,9590000,right_only
chr20,55910000,55920000,right_only
chr20,36610000,36620000,right_only
chr20,450000,460000,right_only
chr20,46000000,46010000,right_only
chr20,930000,940000,right_only
chr20,31240000,31250000,right_only
chr20,48670000,48680000,right_only
chr20,52550000,52560000,right_only
chr20,49925000,49950000,right_only
chr20,700000,725000,right_only
chr20,39950000,39975000,right_only
chr20,56050000,56075000,right_only
chr20,4925000,4950000,right_only
chr20,4675000,4700000,right_only
chr20,33775000,33800000,right_only
chr20,19550000,19575000,right_only
chr20,56775000,56800000,right_only
chr20,50200000,50225000,right_only
chr20,31675000,31700000,right_only
chr20,61625000,61650000,right_only
chr20,22550000,22575000,right_only
chr20,47225000,47250000,right_only
chr20,50700000,50725000,right_only
chr20,58775000,58800000,right_only
chr20,8350000,8375000,right_only
chr20,46250000,46275000,right_only
chr20,9325000,9350000,right_only
chr20,6050000,6075000,right_only
chr20,57000000,57025000,right_only
chr20,57775000,57800000,right_only
chr20,17900000,17925000,right_only
chr20,23575000,23600000,right_only
chr20,50550000,50575000,right_only
chr20,44400000,44425000,right_only
chr20,25175000,25200000,right_only
chr20,20550000,20575000,right_only
chr20,21475000,21500000,right_only
chr20,52675000,52700000,right_only
chr20,13075000,13100000,right_only
chr20,57975000,58000000,right_only
chr20,21375000,21400000,right_only
chr20,53250000,53275000,right_only
chr20,55525000,55550000,right_only
chr20,43225000,43250000,right_only
chr20,17400000,17425000,right_only
chr21,33940000,33950000,right_only
chr21,35720000,35730000,right_only
chr21,34560000,34570000,right_only
chr21,41080000,41090000,right_only
chr21,19275000,19300000,right_only
chr21,30725000,30750000,right_only
chr21,36400000,36425000,right_only
chr21,39700000,39725000,right_only
chr21,32950000,32975000,right_only
chr21,38725000,38750000,right_only
chr21,45350000,45375000,right_only
chr21,37700000,37725000,right_only
chr21,46525000,46550000,right_only
chr21,27525000,27550000,right_only
chr21,40500000,40525000,right_only
chr21,42825000,42850000,right_only
chr21,17700000,17725000,right_only
chr21,18950000,18975000,right_only
chr21,36750000,36775000,right_only
chr21,31225000,31250000,right_only
chr21,16950000,16975000,right_only
chr21,46850000,46875000,right_only
chr21,30100000,30125000,right_only
chr21,42425000,42450000,right_only
chr21,46200000,46225000,right_only
chr22,36860000,36870000,right_only
chr22,23570000,23580000,right_only
chr22,42200000,42210000,right_only
chr22,23630000,23640000,right_only
chr22,39700000,39710000,right_only
chr22,46930000,46940000,right_only
chr22,40430000,40440000,right_only
chr22,23470000,23480000,right_only
chr22,18550000,18560000,right_only
chr22,45820000,45830000,right_only
chr22,46510000,46520000,right_only
chr22,17980000,17990000,right_only
chr22,33390000,33400000,right_only
chr22,24900000,24925000,right_only
chr22,27025000,27050000,right_only
chr22,37825000,37850000,right_only
chr22,41900000,41925000,right_only
chr22,19600000,19625000,right_only
chr22,44475000,44500000,right_only
chr22,33175000,33200000,right_only
chr22,30625000,30650000,right_only
chr22,19875000,19900000,right_only
chr22,42850000,42875000,right_only
chr22,31300000,31325000,right_only
chr22,46700000,46725000,right_only
chr22,26150000,26175000,right_only
chr22,29200000,29225000,right_only
chr22,23475000,23500000,right_only
chr22,28975000,29000000,right_only
chr22,46350000,46375000,right_only
chr22,33600000,33625000,right_only
chr22,29425000,29450000,right_only
chr22,40725000,40750000,right_only
chr22,35400000,35425000,right_only
chrX,2730000,2740000,right_only
chrX,10080000,10090000,right_only
chrX,110090000,110100000,right_only
chrX,13760000,13770000,right_only
chrX,73230000,73240000,right_only
chrX,18900000,18925000,right_only
chrX,15475000,15500000,right_only
chrX,24500000,24525000,right_only
chrX,152925000,152950000,right_only
chrX,64900000,64925000,right_only
chrX,70775000,70800000,right_only
chrX,109100000,109125000,right_only
chrX,133900000,133925000,right_only
chrX,68425000,68450000,right_only
chrX,23900000,23925000,right_only
chrX,2525000,2550000,right_only
chrX,9425000,9450000,right_only
chrX,109650000,109675000,right_only
chrX,65200000,65225000,right_only
chrX,67925000,67950000,right_only
chrX,17050000,17075000,right_only
chrX,47375000,47400000,right_only
chrX,39000000,39025000,right_only
chrX,57000000,57025000,right_only
chrX,67675000,67700000,right_only
chrX,47875000,47900000,right_only
chrX,19350000,19375000,right_only
chrX,78325000,78350000,right_only
chrX,131325000,131350000,right_only
chrX,150225000,150250000,right_only
chrX,150825000,150850000,right_only
chrX,131750000,131775000,right_only
chrX,14050000,14075000,right_only
chrX,123175000,123200000,right_only
chrX,56750000,56775000,right_only
chrX,21750000,21775000,right_only
chrX,11150000,11175000,right_only
chrX,140350000,140375000,right_only
chrX,43400000,43425000,right_only
chrX,57925000,57950000,right_only
chrX,68500000,68525000,right_only
chrX,13475000,13500000,right_only
chr2,99450000,99455000,right_only
chr2,236030000,236040000,right_only
chr2,29420000,29430000,right_only
chr2,114120000,114130000,right_only
chr2,42310000,42320000,right_only
chr2,219250000,219260000,right_only
chr2,197100000,197110000,right_only
chr2,70030000,70040000,right_only
chr2,192540000,192550000,right_only
chr2,86300000,86310000,right_only
chr2,11920000,11930000,right_only
chr2,25350000,25360000,right_only
chr2,66800000,66810000,right_only
chr2,137140000,137150000,right_only
chr2,16930000,16940000,right_only
chr2,201330000,201340000,right_only
chr2,61220000,61230000,right_only
chr2,208330000,208340000,right_only
chr2,105840000,105850000,right_only
chr2,106140000,106150000,right_only
chr2,177490000,177500000,right_only
chr2,177500000,177510000,right_only
chr2,217520000,217530000,right_only
chr2,113690000,113700000,right_only
chr2,103050000,103060000,right_only
chr2,62630000,62640000,right_only
chr2,153490000,153500000,right_only
chr2,45720000,45730000,right_only
chr2,48640000,48650000,right_only
chr2,11720000,11730000,right_only
chr2,16670000,16680000,right_only
chr2,63000000,63010000,right_only
chr2,211040000,211050000,right_only
chr2,121820000,121830000,right_only
chr2,136450000,136460000,right_only
chr2,101590000,101600000,right_only
chr2,162270000,162280000,right_only
chr2,1540000,1550000,right_only
chr2,178010000,178020000,right_only
chr2,131870000,131880000,right_only
chr2,225510000,225520000,right_only
chr2,79425000,79450000,right_only
chr2,102825000,102850000,right_only
chr2,46825000,46850000,right_only
chr2,69125000,69150000,right_only
chr2,113475000,113500000,right_only
chr2,65250000,65275000,right_only
chr2,182750000,182775000,right_only
chr2,70850000,70875000,right_only
chr2,20825000,20850000,right_only
chr2,70250000,70275000,right_only
chr2,43700000,43725000,right_only
chr2,75075000,75100000,right_only
chr2,232300000,232325000,right_only
chr2,43450000,43475000,right_only
chr2,46675000,46700000,right_only
chr2,202025000,202050000,right_only
chr2,173300000,173325000,right_only
chr2,26350000,26375000,right_only
chr2,38050000,38075000,right_only
chr2,65075000,65100000,right_only
chr2,62625000,62650000,right_only
chr2,20275000,20300000,right_only
chr2,182300000,182325000,right_only
chr2,235375000,235400000,right_only
chr2,188300000,188325000,right_only
chr2,86300000,86325000,right_only
chr2,47100000,47125000,right_only
chr2,46150000,46175000,right_only
chr2,65775000,65800000,right_only
chr2,208925000,208950000,right_only
chr2,223750000,223775000,right_only
chr2,68650000,68675000,right_only
chr2,10550000,10575000,right_only
chr2,103050000,103075000,right_only
chr2,122450000,122475000,right_only
chr2,174075000,174100000,right_only
chr2,143975000,144000000,right_only
chr2,102425000,102450000,right_only
chr2,39450000,39475000,right_only
chr2,38725000,38750000,right_only
chr2,73375000,73400000,right_only
chr2,69525000,69550000,right_only
chr2,160025000,160050000,right_only
chr2,85500000,85525000,right_only
chr2,218925000,218950000,right_only
chr2,178250000,178275000,right_only
chr2,48325000,48350000,right_only
chr2,225125000,225150000,right_only
chr2,127525000,127550000,right_only
chr2,64075000,64100000,right_only
chr2,175825000,175850000,right_only
chr2,182325000,182350000,right_only
chr2,237975000,238000000,right_only
chr2,16675000,16700000,right_only
chr2,25025000,25050000,right_only
chr2,182550000,182575000,right_only
chr2,158850000,158875000,right_only
chr2,21175000,21200000,right_only
chr2,85100000,85125000,right_only
chr2,237075000,237100000,right_only
chr2,223425000,223450000,right_only
chr2,172250000,172275000,right_only
chr2,39925000,39950000,right_only
chr2,122100000,122125000,right_only
chr2,177300000,177325000,right_only
chr2,204650000,204675000,right_only
chr2,135150000,135175000,right_only
chr2,187525000,187550000,right_only
chr2,11250000,11275000,right_only
chr2,139575000,139600000,right_only
chr2,233175000,233200000,right_only
chr2,193025000,193050000,right_only
chr2,218025000,218050000,right_only
chr2,235425000,235450000,right_only
chr2,48625000,48650000,right_only
chr2,17475000,17500000,right_only
chr2,218375000,218400000,right_only
chr2,107175000,107200000,right_only
chr2,153475000,153500000,right_only
chr2,99000000,99025000,right_only
chr2,173325000,173350000,right_only
chr2,119600000,119625000,right_only
chr2,31550000,31575000,right_only
chr2,200325000,200350000,right_only
chr2,100850000,100875000,right_only
chr2,118750000,118775000,right_only
chr2,183500000,183525000,right_only
chr2,148650000,148675000,right_only
chr2,21525000,21550000,right_only
chr2,177975000,178000000,right_only
chr2,166050000,166075000,right_only
chr2,210425000,210450000,right_only
chr2,20050000,20075000,right_only
chr2,99675000,99700000,right_only
chr2,192375000,192400000,right_only
chr2,153500000,153525000,right_only
chr2,10800000,10825000,right_only
chr2,8825000,8850000,right_only
chr2,47975000,48000000,right_only
chr2,200800000,200825000,right_only
chr2,218575000,218600000,right_only
chr2,183825000,183850000,right_only
chr2,237475000,237500000,right_only
chr2,60775000,60800000,right_only
chr2,42550000,42575000,right_only
chr2,16900000,16925000,right_only
chr2,197300000,197325000,right_only
chr2,71150000,71175000,right_only
chr2,166550000,166575000,right_only
chr2,208325000,208350000,right_only
chr2,85525000,85550000,right_only
chr2,175175000,175200000,right_only
chr2,60875000,60900000,right_only
chr2,139525000,139550000,right_only
chr2,181900000,181925000,right_only
chr2,72800000,72825000,right_only
chr2,228625000,228650000,right_only
chr2,190275000,190300000,right_only
chr2,152075000,152100000,right_only
chr2,35625000,35650000,right_only
chr2,168950000,168975000,right_only
chr2,19550000,19575000,right_only
chr2,157900000,157925000,right_only
chr2,216775000,216800000,right_only
chr2,213400000,213425000,right_only
chr2,138575000,138600000,right_only
chr2,176975000,177000000,right_only
chr2,15700000,15725000,right_only
chr2,217000000,217025000,right_only
chr2,176925000,176950000,right_only
chr2,42000000,42025000,right_only
chr2,198250000,198275000,right_only
chr2,72350000,72375000,right_only
chr2,130675000,130700000,right_only
chr2,182775000,182800000,right_only
chr2,201550000,201575000,right_only
chr2,205550000,205575000,right_only
chr2,97750000,97775000,right_only
chr2,178600000,178625000,right_only
chr2,16775000,16800000,right_only
chr2,179275000,179300000,right_only
chr2,222425000,222450000,right_only
chr2,165325000,165350000,right_only
chr2,135650000,135675000,right_only
chr2,38950000,38975000,right_only
chr2,240800000,240825000,right_only
chr2,113700000,113725000,right_only
chr2,18000000,18025000,right_only
chr2,69150000,69175000,right_only
chr2,46875000,46900000,right_only
chr2,10175000,10200000,right_only
chr2,217250000,217275000,right_only
chr2,64550000,64575000,right_only
chr2,159600000,159625000,right_only
chr2,203025000,203050000,right_only
chr2,86025000,86050000,right_only
chr2,70350000,70375000,right_only
chr2,218850000,218875000,right_only
chr2,197125000,197150000,right_only
chr2,231850000,231875000,right_only
chr3,141270000,141280000,right_only
chr3,187390000,187400000,right_only
chr3,97730000,97740000,right_only
chr3,45700000,45710000,right_only
chr3,39320000,39330000,right_only
chr3,57020000,57030000,right_only
chr3,134190000,134200000,right_only
chr3,183100000,183110000,right_only
chr3,195910000,195920000,right_only
chr3,52170000,52180000,right_only
chr3,128200000,128210000,right_only
chr3,185950000,185960000,right_only
chr3,14500000,14510000,right_only
chr3,9340000,9350000,right_only
chr3,13680000,13690000,right_only
chr3,9460000,9470000,right_only
chr3,124610000,124620000,right_only
chr3,14820000,14830000,right_only
chr3,11690000,11700000,right_only
chr3,16580000,16590000,right_only
chr3,112230000,112240000,right_only
chr3,172310000,172320000,right_only
chr3,45250000,45260000,right_only
chr3,14970000,14980000,right_only
chr3,58280000,58290000,right_only
chr3,46930000,46940000,right_only
chr3,138640000,138650000,right_only
chr3,167870000,167880000,right_only
chr3,158510000,158520000,right_only
chr3,11840000,11850000,right_only
chr3,188670000,188680000,right_only
chr3,189920000,189930000,right_only
chr3,186260000,186270000,right_only
chr3,79070000,79080000,right_only
chr3,12520000,12530000,right_only
chr3,28370000,28380000,right_only
chr3,188850000,188860000,right_only
chr3,98040000,98050000,right_only
chr3,124400000,124410000,right_only
chr3,44950000,44975000,right_only
chr3,45950000,45975000,right_only
chr3,32375000,32400000,right_only
chr3,5075000,5100000,right_only
chr3,128300000,128325000,right_only
chr3,184225000,184250000,right_only
chr3,15400000,15425000,right_only
chr3,50575000,50600000,right_only
chr3,184475000,184500000,right_only
chr3,193825000,193850000,right_only
chr3,183475000,183500000,right_only
chr3,38000000,38025000,right_only
chr3,148975000,149000000,right_only
chr3,130600000,130625000,right_only
chr3,15575000,15600000,right_only
chr3,132350000,132375000,right_only
chr3,186250000,186275000,right_only
chr3,132050000,132075000,right_only
chr3,69450000,69475000,right_only
chr3,14950000,14975000,right_only
chr3,194000000,194025000,right_only
chr3,56825000,56850000,right_only
chr3,177050000,177075000,right_only
chr3,32500000,32525000,right_only
chr3,33800000,33825000,right_only
chr3,49675000,49700000,right_only
chr3,33100000,33125000,right_only
chr3,73100000,73125000,right_only
chr3,101925000,101950000,right_only
chr3,4650000,4675000,right_only
chr3,125125000,125150000,right_only
chr3,25775000,25800000,right_only
chr3,46100000,46125000,right_only
chr3,32950000,32975000,right_only
chr3,111675000,111700000,right_only
chr3,42125000,42150000,right_only
chr3,112000000,112025000,right_only
chr3,32700000,32725000,right_only
chr3,194025000,194050000,right_only
chr3,179025000,179050000,right_only
chr3,8450000,8475000,right_only
chr3,53075000,53100000,right_only
chr3,42475000,42500000,right_only
chr3,168550000,168575000,right_only
chr3,128950000,128975000,right_only
chr3,107125000,107150000,right_only
chr3,185625000,185650000,right_only
chr3,168325000,168350000,right_only
chr3,99950000,99975000,right_only
chr3,186875000,186900000,right_only
chr3,169375000,169400000,right_only
chr3,45525000,45550000,right_only
chr3,155400000,155425000,right_only
chr3,13900000,13925000,right_only
chr3,112225000,112250000,right_only
chr3,130700000,130725000,right_only
chr3,157175000,157200000,right_only
chr3,141625000,141650000,right_only
chr3,133900000,133925000,right_only
chr3,48175000,48200000,right_only
chr3,184875000,184900000,right_only
chr3,115400000,115425000,right_only
chr3,161125000,161150000,right_only
chr3,126100000,126125000,right_only
chr3,194300000,194325000,right_only
chr3,156225000,156250000,right_only
chr3,129800000,129825000,right_only
chr3,190750000,190775000,right_only
chr3,195425000,195450000,right_only
chr3,160050000,160075000,right_only
chr3,42575000,42600000,right_only
chr3,142700000,142725000,right_only
chr3,138625000,138650000,right_only
chr3,150200000,150225000,right_only
chr3,151625000,151650000,right_only
chr3,31500000,31525000,right_only
chr3,133100000,133125000,right_only
chr3,15600000,15625000,right_only
chr3,17250000,17275000,right_only
chr3,115525000,115550000,right_only
chr3,192150000,192175000,right_only
chr3,136725000,136750000,right_only
chr3,139000000,139025000,right_only
chr3,133350000,133375000,right_only
chr3,50100000,50125000,right_only
chr3,69700000,69725000,right_only
chr3,71700000,71725000,right_only
chr3,64450000,64475000,right_only
chr3,45700000,45725000,right_only
chr3,182375000,182400000,right_only
chr3,16275000,16300000,right_only
chr3,171275000,171300000,right_only
chr3,156800000,156825000,right_only
chr3,189650000,189675000,right_only
chr3,106325000,106350000,right_only
chr3,67825000,67850000,right_only
chr3,4325000,4350000,right_only
chr3,73525000,73550000,right_only
chr3,19900000,19925000,right_only
chr3,120500000,120525000,right_only
chr3,158500000,158525000,right_only
chr3,9450000,9475000,right_only
chr3,14500000,14525000,right_only
chr3,139050000,139075000,right_only
chr3,102250000,102275000,right_only
chr3,41900000,41925000,right_only
chr3,24700000,24725000,right_only
chr3,155025000,155050000,right_only
chr3,68925000,68950000,right_only
chr3,169450000,169475000,right_only
chr3,31800000,31825000,right_only
chr3,153950000,153975000,right_only
chr3,62525000,62550000,right_only
chr3,193275000,193300000,right_only
chr3,99450000,99475000,right_only
chr3,27700000,27725000,right_only
chr3,133325000,133350000,right_only
chr3,65650000,65675000,right_only
chr3,6850000,6875000,right_only
chr3,63800000,63825000,right_only
chr3,134175000,134200000,right_only
chr3,135600000,135625000,right_only
chr3,36725000,36750000,right_only
chr3,101375000,101400000,right_only
chr3,69075000,69100000,right_only
chr3,135200000,135225000,right_only
chr3,172750000,172775000,right_only
chr3,133925000,133950000,right_only
chr3,178025000,178050000,right_only
chr3,107450000,107475000,right_only
chr3,118800000,118825000,right_only
chr3,149175000,149200000,right_only
chr3,39050000,39075000,right_only
chr3,160625000,160650000,right_only
chr3,117150000,117175000,right_only
chr3,192750000,192775000,right_only
chr3,53725000,53750000,right_only
chr3,66850000,66875000,right_only
chr3,72850000,72875000,right_only
chr3,113000000,113025000,right_only
chr3,107250000,107275000,right_only
chr3,151550000,151575000,right_only
chr3,121975000,122000000,right_only
chr3,197225000,197250000,right_only
chr3,112675000,112700000,right_only
chr3,58475000,58500000,right_only
chr4,41875000,41900000,right_only
chr4,41625000,41650000,right_only
chr4,89925000,89950000,right_only
chr4,15450000,15475000,right_only
chr4,40300000,40325000,right_only
chr4,16200000,16225000,right_only
chr4,141150000,141175000,right_only
chr4,38675000,38700000,right_only
chr4,82750000,82775000,right_only
chr4,38725000,38750000,right_only
chr4,170950000,170975000,right_only
chr4,88375000,88400000,right_only
chr4,81950000,81975000,right_only
chr4,184150000,184175000,right_only
chr4,10400000,10425000,right_only
chr4,111125000,111150000,right_only
chr4,39125000,39150000,right_only
chr4,148775000,148800000,right_only
chr4,109475000,109500000,right_only
chr4,160100000,160125000,right_only
chr4,55075000,55100000,right_only
chr4,185075000,185100000,right_only
chr4,156700000,156725000,right_only
chr4,38850000,38875000,right_only
chr4,89575000,89600000,right_only
chr4,83650000,83675000,right_only
chr4,108825000,108850000,right_only
chr4,8875000,8900000,right_only
chr4,141175000,141200000,right_only
chr4,7975000,8000000,right_only
chr4,70725000,70750000,right_only
chr4,55800000,55825000,right_only
chr4,87800000,87825000,right_only
chr4,48950000,48975000,right_only
chr4,10000000,10025000,right_only
chr4,185450000,185475000,right_only
chr4,83175000,83200000,right_only
chr4,10525000,10550000,right_only
chr4,175525000,175550000,right_only
chr4,56175000,56200000,right_only
chr4,120200000,120225000,right_only
chr4,130000000,130025000,right_only
chr4,159525000,159550000,right_only
chr4,175625000,175650000,right_only
chr4,167000000,167025000,right_only
chr4,27000000,27025000,right_only
chr4,110300000,110325000,right_only
chr4,166375000,166400000,right_only
chr4,111425000,111450000,right_only
chr4,159075000,159100000,right_only
chr4,145975000,146000000,right_only
chr4,177250000,177275000,right_only
chr4,95175000,95200000,right_only
chr4,53825000,53850000,right_only
chr4,77950000,77975000,right_only
chr4,57850000,57875000,right_only
chr4,13550000,13575000,right_only
chr4,156850000,156875000,right_only
chr4,159150000,159175000,right_only
chr4,142050000,142075000,right_only
chr4,25750000,25775000,right_only
chr4,112950000,112975000,right_only
chr4,88750000,88775000,right_only
chr4,115575000,115600000,right_only
chr4,5800000,5825000,right_only
chr4,21750000,21775000,right_only
chr4,146025000,146050000,right_only
chr4,48075000,48100000,right_only
chr4,88875000,88900000,right_only
chr4,147825000,147850000,right_only
chr4,17450000,17475000,right_only
chr4,187500000,187525000,right_only
chr4,12625000,12650000,right_only
chr4,47375000,47400000,right_only
chr4,113425000,113450000,right_only
chr4,111550000,111575000,right_only
chr4,69175000,69200000,right_only
chr4,61050000,61075000,right_only
chr4,9650000,9675000,right_only
chr4,81125000,81150000,right_only
chr4,186925000,186950000,right_only
chr4,143750000,143775000,right_only
chr4,130550000,130575000,right_only
chr4,151125000,151150000,right_only
chr4,168200000,168225000,right_only
chr4,123825000,123850000,right_only
chr4,38300000,38325000,right_only
chr4,170400000,170425000,right_only
chr4,89425000,89450000,right_only
chr4,39950000,39975000,right_only
chr4,11400000,11425000,right_only
chr4,42850000,42875000,right_only
chr4,154475000,154500000,right_only
chr4,154050000,154075000,right_only
chr4,146475000,146500000,right_only
chr4,72550000,72575000,right_only
chr4,170675000,170700000,right_only
chr4,103925000,103950000,right_only
chr4,38025000,38050000,right_only
chr4,76980000,76990000,right_only
chr4,156520000,156530000,right_only
chr4,89430000,89440000,right_only
chr4,88890000,88900000,right_only
chr4,128650000,128660000,right_only
chr4,77290000,77300000,right_only
chr4,175130000,175140000,right_only
chr4,47930000,47940000,right_only
chr4,20680000,20690000,right_only
chr4,110890000,110900000,right_only
chr4,110740000,110750000,right_only
chr4,113440000,113450000,right_only
chr4,111430000,111440000,right_only
chr4,141160000,141170000,right_only
chr4,84180000,84190000,right_only
chr4,6320000,6330000,right_only
chr4,8400000,8410000,right_only
chr4,84540000,84550000,right_only
chr4,88010000,88020000,right_only
chr4,174170000,174180000,right_only
chr4,111425000,111430000,right_only
chr5,151120000,151130000,right_only
chr5,142260000,142270000,right_only
chr5,146930000,146940000,right_only
chr5,140940000,140950000,right_only
chr5,173390000,173400000,right_only
chr5,139730000,139740000,right_only
chr5,170040000,170050000,right_only
chr5,102810000,102820000,right_only
chr5,130590000,130600000,right_only
chr5,73940000,73950000,right_only
chr5,148410000,148420000,right_only
chr5,125870000,125880000,right_only
chr5,147200000,147210000,right_only
chr5,95670000,95680000,right_only
chr5,141520000,141530000,right_only
chr5,40730000,40740000,right_only
chr5,71600000,71610000,right_only
chr5,146340000,146350000,right_only
chr5,127540000,127550000,right_only
chr5,90710000,90720000,right_only
chr5,57760000,57770000,right_only
chr5,149190000,149200000,right_only
chr5,171610000,171620000,right_only
chr5,172260000,172270000,right_only
chr5,134890000,134900000,right_only
chr5,150490000,150500000,right_only
chr5,177560000,177570000,right_only
chr5,172120000,172130000,right_only
chr5,139080000,139090000,right_only
chr5,81140000,81150000,right_only
chr5,14625000,14650000,right_only
chr5,98375000,98400000,right_only
chr5,154175000,154200000,right_only
chr5,130700000,130725000,right_only
chr5,172350000,172375000,right_only
chr5,169825000,169850000,right_only
chr5,159750000,159775000,right_only
chr5,76300000,76325000,right_only
chr5,149350000,149375000,right_only
chr5,81000000,81025000,right_only
chr5,56500000,56525000,right_only
chr5,175125000,175150000,right_only
chr5,54425000,54450000,right_only
chr5,79600000,79625000,right_only
chr5,171700000,171725000,right_only
chr5,169625000,169650000,right_only
chr5,73075000,73100000,right_only
chr5,139525000,139550000,right_only
chr5,36675000,36700000,right_only
chr5,17125000,17150000,right_only
chr5,17175000,17200000,right_only
chr5,158525000,158550000,right_only
chr5,178500000,178525000,right_only
chr5,56125000,56150000,right_only
chr5,36850000,36875000,right_only
chr5,67725000,67750000,right_only
chr5,94575000,94600000,right_only
chr5,159800000,159825000,right_only
chr5,40650000,40675000,right_only
chr5,131325000,131350000,right_only
chr5,112075000,112100000,right_only
chr5,54125000,54150000,right_only
chr5,139325000,139350000,right_only
chr5,135525000,135550000,right_only
chr5,36925000,36950000,right_only
chr5,174200000,174225000,right_only
chr5,58950000,58975000,right_only
chr5,15000000,15025000,right_only
chr5,66050000,66075000,right_only
chr5,32075000,32100000,right_only
chr5,58450000,58475000,right_only
chr5,78400000,78425000,right_only
chr5,114575000,114600000,right_only
chr5,95150000,95175000,right_only
chr5,67550000,67575000,right_only
chr5,58650000,58675000,right_only
chr5,146325000,146350000,right_only
chr5,176375000,176400000,right_only
chr5,75525000,75550000,right_only
chr5,77250000,77275000,right_only
chr5,18300000,18325000,right_only
chr5,82850000,82875000,right_only
chr5,38175000,38200000,right_only
chr5,171450000,171475000,right_only
chr5,35900000,35925000,right_only
chr5,96475000,96500000,right_only
chr5,80475000,80500000,right_only
chr5,112650000,112675000,right_only
chr5,58125000,58150000,right_only
chr5,179750000,179775000,right_only
chr5,178900000,178925000,right_only
chr5,52375000,52400000,right_only
chr5,111475000,111500000,right_only
chr5,900000,925000,right_only
chr5,150225000,150250000,right_only
chr5,136825000,136850000,right_only
chr5,173725000,173750000,right_only
chr5,40675000,40700000,right_only
chr5,140925000,140950000,right_only
chr5,127525000,127550000,right_only
chr5,36700000,36725000,right_only
chr5,59950000,59975000,right_only
chr5,133275000,133300000,right_only
chr5,53775000,53800000,right_only
chr5,79125000,79150000,right_only
chr5,42050000,42075000,right_only
chr5,167625000,167650000,right_only
chr5,174850000,174875000,right_only
chr5,56150000,56175000,right_only
chr5,170750000,170775000,right_only
chr5,153325000,153350000,right_only
chr5,33925000,33950000,right_only
chr5,89550000,89575000,right_only
chr5,115150000,115175000,right_only
chr5,145500000,145525000,right_only
chr5,72175000,72200000,right_only
chr5,38950000,38975000,right_only
chr5,92925000,92950000,right_only
chr5,29425000,29450000,right_only
chr5,178175000,178200000,right_only
chr5,92900000,92925000,right_only
chr5,9200000,9225000,right_only
chr5,163925000,163950000,right_only
chr5,62050000,62075000,right_only
chr5,148100000,148125000,right_only
chr5,57050000,57075000,right_only
chr5,51950000,51975000,right_only
chr5,146550000,146575000,right_only
chr5,159400000,159425000,right_only
chr5,114900000,114925000,right_only
chr5,38800000,38825000,right_only
chr5,157350000,157375000,right_only
chr5,153975000,154000000,right_only
chr5,177975000,178000000,right_only
chr5,156735000,156740000,right_only
chr6,20530000,20540000,right_only
chr6,37170000,37180000,right_only
chr6,53340000,53350000,right_only
chr6,126080000,126090000,right_only
chr6,134410000,134420000,right_only
chr6,74320000,74330000,right_only
chr6,52120000,52130000,right_only
chr6,91180000,91190000,right_only
chr6,74440000,74450000,right_only
chr6,3730000,3740000,right_only
chr6,159390000,159400000,right_only
chr6,155850000,155860000,right_only
chr6,4000000,4010000,right_only
chr6,166510000,166520000,right_only
chr6,117870000,117880000,right_only
chr6,139090000,139100000,right_only
chr6,84220000,84230000,right_only
chr6,151130000,151140000,right_only
chr6,45680000,45690000,right_only
chr6,52510000,52520000,right_only
chr6,131850000,131860000,right_only
chr6,17800000,17810000,right_only
chr6,86190000,86200000,right_only
chr6,21580000,21590000,right_only
chr6,100900000,100910000,right_only
chr6,161200000,161210000,right_only
chr6,32660000,32670000,right_only
chr6,107010000,107020000,right_only
chr6,30510000,30520000,right_only
chr6,24690000,24700000,right_only
chr6,31560000,31570000,right_only
chr6,159520000,159530000,right_only
chr6,30690000,30700000,right_only
chr6,111250000,111260000,right_only
chr6,32760000,32770000,right_only
chr6,112625000,112650000,right_only
chr6,27750000,27775000,right_only
chr6,35700000,35725000,right_only
chr6,25000000,25025000,right_only
chr6,44025000,44050000,right_only
chr6,158275000,158300000,right_only
chr6,138175000,138200000,right_only
chr6,31325000,31350000,right_only
chr6,42500000,42525000,right_only
chr6,7225000,7250000,right_only
chr6,112300000,112325000,right_only
chr6,138250000,138275000,right_only
chr6,155475000,155500000,right_only
chr6,11475000,11500000,right_only
chr6,111250000,111275000,right_only
chr6,133075000,133100000,right_only
chr6,33200000,33225000,right_only
chr6,109375000,109400000,right_only
chr6,31025000,31050000,right_only
chr6,166800000,166825000,right_only
chr6,16200000,16225000,right_only
chr6,132800000,132825000,right_only
chr6,130050000,130075000,right_only
chr6,139000000,139025000,right_only
chr6,149825000,149850000,right_only
chr6,53500000,53525000,right_only
chr6,79750000,79775000,right_only
chr6,111300000,111325000,right_only
chr6,161775000,161800000,right_only
chr6,35200000,35225000,right_only
chr6,10775000,10800000,right_only
chr6,34550000,34575000,right_only
chr6,150650000,150675000,right_only
chr6,135125000,135150000,right_only
chr6,149250000,149275000,right_only
chr6,151050000,151075000,right_only
chr6,56450000,56475000,right_only
chr6,72050000,72075000,right_only
chr6,18500000,18525000,right_only
chr6,34100000,34125000,right_only
chr6,49800000,49825000,right_only
chr6,151625000,151650000,right_only
chr6,76225000,76250000,right_only
chr6,72200000,72225000,right_only
chr6,84225000,84250000,right_only
chr6,12875000,12900000,right_only
chr6,71375000,71400000,right_only
chr6,16750000,16775000,right_only
chr6,27050000,27075000,right_only
chr6,29550000,29575000,right_only
chr6,135250000,135275000,right_only
chr6,136200000,136225000,right_only
chr6,7975000,8000000,right_only
chr6,135750000,135775000,right_only
chr6,162325000,162350000,right_only
chr6,108800000,108825000,right_only
chr6,85475000,85500000,right_only
chr6,144325000,144350000,right_only
chr6,131850000,131875000,right_only
chr6,3975000,4000000,right_only
chr6,116975000,117000000,right_only
chr6,97825000,97850000,right_only
chr6,57175000,57200000,right_only
chr6,167375000,167400000,right_only
chr6,73825000,73850000,right_only
chr6,83750000,83775000,right_only
chr6,148500000,148525000,right_only
chr6,110350000,110375000,right_only
chr6,130325000,130350000,right_only
chr6,37175000,37200000,right_only
chr6,125425000,125450000,right_only
chr6,167550000,167575000,right_only
chr6,52500000,52525000,right_only
chr6,114175000,114200000,right_only
chr6,100175000,100200000,right_only
chr6,56125000,56150000,right_only
chr6,123025000,123050000,right_only
chr6,105850000,105875000,right_only
chr6,114225000,114250000,right_only
chr6,30125000,30150000,right_only
chr6,6525000,6550000,right_only
chr6,7600000,7625000,right_only
chr6,46950000,46975000,right_only
chr6,65025000,65050000,right_only
chr6,153625000,153650000,right_only
chr6,51200000,51225000,right_only
chr6,75900000,75925000,right_only
chr6,71700000,71725000,right_only
chr6,152425000,152450000,right_only
chr6,52900000,52925000,right_only
chr6,145525000,145550000,right_only
chr6,107300000,107325000,right_only
chr6,89575000,89600000,right_only
chr6,139075000,139100000,right_only
chr6,101100000,101125000,right_only
chr6,72775000,72800000,right_only
chr6,100025000,100050000,right_only
chr6,116200000,116225000,right_only
chr6,78150000,78175000,right_only
chr6,124025000,124050000,right_only
chr6,100900000,100925000,right_only
chr6,127425000,127450000,right_only
chr6,134225000,134250000,right_only
chr6,125125000,125150000,right_only
chr6,126275000,126300000,right_only
chr6,160875000,160900000,right_only
chr6,148475000,148500000,right_only
chr6,2325000,2350000,right_only
chr6,143725000,143750000,right_only
chr6,54925000,54950000,right_only
chr6,17075000,17100000,right_only
chr6,159025000,159050000,right_only
chr6,142700000,142725000,right_only
chr6,45875000,45900000,right_only
chr6,1400000,1425000,right_only
chr6,15450000,15475000,right_only
chr6,28950000,28975000,right_only
chr6,123150000,123175000,right_only
chr6,69475000,69500000,right_only
chr6,134950000,134975000,right_only
chr6,131150000,131175000,right_only
chr6,159375000,159400000,right_only
chr6,90300000,90325000,right_only
chr6,25475000,25500000,right_only
chr6,39270000,39275000,right_only
chr7,155125000,155150000,right_only
chr7,102025000,102050000,right_only
chr7,5700000,5725000,right_only
chr7,130700000,130725000,right_only
chr7,100150000,100175000,right_only
chr7,129100000,129125000,right_only
chr7,77375000,77400000,right_only
chr7,23725000,23750000,right_only
chr7,138375000,138400000,right_only
chr7,43725000,43750000,right_only
chr7,116750000,116775000,right_only
chr7,73600000,73625000,right_only
chr7,25100000,25125000,right_only
chr7,39550000,39575000,right_only
chr7,48125000,48150000,right_only
chr7,98900000,98925000,right_only
chr7,4775000,4800000,right_only
chr7,75625000,75650000,right_only
chr7,101425000,101450000,right_only
chr7,44800000,44825000,right_only
chr7,32375000,32400000,right_only
chr7,8250000,8275000,right_only
chr7,3175000,3200000,right_only
chr7,47850000,47875000,right_only
chr7,29425000,29450000,right_only
chr7,107500000,107525000,right_only
chr7,86750000,86775000,right_only
chr7,20675000,20700000,right_only
chr7,105675000,105700000,right_only
chr7,5125000,5150000,right_only
chr7,106775000,106800000,right_only
chr7,27950000,27975000,right_only
chr7,95300000,95325000,right_only
chr7,33950000,33975000,right_only
chr7,87025000,87050000,right_only
chr7,92675000,92700000,right_only
chr7,134800000,134825000,right_only
chr7,36325000,36350000,right_only
chr7,22750000,22775000,right_only
chr7,25600000,25625000,right_only
chr7,27175000,27200000,right_only
chr7,80025000,80050000,right_only
chr7,25575000,25600000,right_only
chr7,116425000,116450000,right_only
chr7,80275000,80300000,right_only
chr7,142900000,142925000,right_only
chr7,55475000,55500000,right_only
chr7,56025000,56050000,right_only
chr7,26375000,26400000,right_only
chr7,31150000,31175000,right_only
chr7,96650000,96675000,right_only
chr7,82350000,82375000,right_only
chr7,106100000,106125000,right_only
chr7,7575000,7600000,right_only
chr7,28875000,28900000,right_only
chr7,50725000,50750000,right_only
chr7,16100000,16125000,right_only
chr7,97450000,97475000,right_only
chr7,71175000,71200000,right_only
chr7,21275000,21300000,right_only
chr7,82225000,82250000,right_only
chr7,156250000,156275000,right_only
chr7,12350000,12375000,right_only
chr7,13275000,13300000,right_only
chr7,104525000,104550000,right_only
chr7,18375000,18400000,right_only
chr7,20625000,20650000,right_only
chr7,90050000,90075000,right_only
chr7,73800000,73825000,right_only
chr7,47200000,47225000,right_only
chr7,23100000,23125000,right_only
chr7,125300000,125325000,right_only
chr7,25875000,25900000,right_only
chr7,42875000,42900000,right_only
chr7,82200000,82225000,right_only
chr7,96675000,96700000,right_only
chr7,44500000,44525000,right_only
chr7,26700000,26725000,right_only
chr7,14725000,14750000,right_only
chr7,64075000,64100000,right_only
chr7,85175000,85200000,right_only
chr7,103800000,103825000,right_only
chr7,79650000,79675000,right_only
chr7,27200000,27225000,right_only
chr7,156800000,156825000,right_only
chr7,113050000,113075000,right_only
chr7,94050000,94075000,right_only
chr7,25900000,25925000,right_only
chr7,42550000,42575000,right_only
chr7,3925000,3950000,right_only
chr7,38400000,38425000,right_only
chr7,27800000,27825000,right_only
chr7,140025000,140050000,right_only
chr7,37200000,37225000,right_only
chr7,81075000,81100000,right_only
chr7,63975000,64000000,right_only
chr7,51200000,51225000,right_only
chr7,86850000,86875000,right_only
chr7,148650000,148675000,right_only
chr7,120725000,120750000,right_only
chr7,150675000,150700000,right_only
chr7,112125000,112150000,right_only
chr7,99580000,99590000,right_only
chr7,26700000,26710000,right_only
chr7,32240000,32250000,right_only
chr7,135690000,135700000,right_only
chr7,97790000,97800000,right_only
chr7,150450000,150460000,right_only
chr7,27180000,27190000,right_only
chr7,36330000,36340000,right_only
chr7,81080000,81090000,right_only
chr7,27190000,27200000,right_only
chr7,20830000,20840000,right_only
chr7,156610000,156620000,right_only
chr7,98080000,98090000,right_only
chr7,57470000,57480000,right_only
chr7,121180000,121190000,right_only
chr7,105780000,105790000,right_only
chr7,98430000,98440000,right_only
chr7,100700000,100710000,right_only
chr7,27230000,27240000,right_only
chr7,29140000,29150000,right_only
chr7,139700000,139710000,right_only
chr7,142910000,142920000,right_only
chr7,22520000,22530000,right_only
chr7,39780000,39790000,right_only
chr7,73140000,73150000,right_only
chr8,6650000,6660000,right_only
chr8,10670000,10680000,right_only
chr8,27440000,27450000,right_only
chr8,20230000,20240000,right_only
chr8,81150000,81160000,right_only
chr8,42240000,42250000,right_only
chr8,24280000,24290000,right_only
chr8,125440000,125450000,right_only
chr8,11590000,11600000,right_only
chr8,27060000,27070000,right_only
chr8,13510000,13520000,right_only
chr8,39390000,39400000,right_only
chr8,89300000,89310000,right_only
chr8,121090000,121100000,right_only
chr8,134460000,134470000,right_only
chr8,103800000,103810000,right_only
chr8,27280000,27290000,right_only
chr8,28270000,28280000,right_only
chr8,41460000,41470000,right_only
chr8,96010000,96020000,right_only
chr8,82140000,82150000,right_only
chr8,101825000,101850000,right_only
chr8,126650000,126675000,right_only
chr8,105425000,105450000,right_only
chr8,22400000,22425000,right_only
chr8,38800000,38825000,right_only
chr8,56825000,56850000,right_only
chr8,41675000,41700000,right_only
chr8,17550000,17575000,right_only
chr8,28575000,28600000,right_only
chr8,144300000,144325000,right_only
chr8,19975000,20000000,right_only
chr8,9000000,9025000,right_only
chr8,1975000,2000000,right_only
chr8,135825000,135850000,right_only
chr8,22750000,22775000,right_only
chr8,102125000,102150000,right_only
chr8,42650000,42675000,right_only
chr8,29575000,29600000,right_only
chr8,23550000,23575000,right_only
chr8,66925000,66950000,right_only
chr8,71450000,71475000,right_only
chr8,8500000,8525000,right_only
chr8,28175000,28200000,right_only
chr8,53175000,53200000,right_only
chr8,110325000,110350000,right_only
chr8,17750000,17775000,right_only
chr8,70975000,71000000,right_only
chr8,61300000,61325000,right_only
chr8,72875000,72900000,right_only
chr8,29875000,29900000,right_only
chr8,37550000,37575000,right_only
chr8,30400000,30425000,right_only
chr8,11400000,11425000,right_only
chr8,108525000,108550000,right_only
chr8,16975000,17000000,right_only
chr8,101550000,101575000,right_only
chr8,130725000,130750000,right_only
chr8,23250000,23275000,right_only
chr8,134450000,134475000,right_only
chr8,130700000,130725000,right_only
chr8,9175000,9200000,right_only
chr8,55325000,55350000,right_only
chr8,42525000,42550000,right_only
chr8,87350000,87375000,right_only
chr8,19125000,19150000,right_only
chr8,103200000,103225000,right_only
chr8,131675000,131700000,right_only
chr8,38575000,38600000,right_only
chr8,42225000,42250000,right_only
chr8,71550000,71575000,right_only
chr8,103825000,103850000,right_only
chr8,121400000,121425000,right_only
chr8,121950000,121975000,right_only
chr8,96250000,96275000,right_only
chr8,60825000,60850000,right_only
chr8,102625000,102650000,right_only
chr8,99475000,99500000,right_only
chr8,118050000,118075000,right_only
chr8,142175000,142200000,right_only
chr8,79825000,79850000,right_only
chr8,27425000,27450000,right_only
chr8,97175000,97200000,right_only
chr8,49825000,49850000,right_only
chr8,90625000,90650000,right_only
chr8,110725000,110750000,right_only
chr8,11600000,11625000,right_only
chr8,89300000,89325000,right_only
chr8,98550000,98575000,right_only
chr8,67325000,67350000,right_only
chr8,73050000,73075000,right_only
chr8,4850000,4875000,right_only
chr8,82150000,82175000,right_only
chr8,75750000,75775000,right_only
chr8,32950000,32975000,right_only
chr8,114450000,114475000,right_only
chr8,66450000,66475000,right_only
chr8,54700000,54725000,right_only
chr8,72700000,72725000,right_only
chr8,57825000,57850000,right_only
chr8,91950000,91975000,right_only
chr8,76150000,76175000,right_only
chr8,101125000,101150000,right_only
chr8,35725000,35750000,right_only
chr8,70525000,70550000,right_only
chr8,36625000,36650000,right_only
chr8,99950000,99975000,right_only
chr8,92400000,92425000,right_only
chr8,121425000,121450000,right_only
chr8,21675000,21700000,right_only
chr8,99025000,99050000,right_only
chr8,139925000,139950000,right_only
chr8,106775000,106800000,right_only
chr8,68925000,68950000,right_only
chr8,53300000,53325000,right_only
chr8,141925000,141950000,right_only
chr8,94975000,95000000,right_only
chr8,52900000,52925000,right_only
chr9,92860000,92870000,right_only
chr9,117770000,117780000,right_only
chr9,135130000,135140000,right_only
chr9,126110000,126120000,right_only
chr9,132540000,132550000,right_only
chr9,130790000,130800000,right_only
chr9,115120000,115130000,right_only
chr9,129160000,129170000,right_only
chr9,125110000,125120000,right_only
chr9,132380000,132390000,right_only
chr9,86930000,86940000,right_only
chr9,33720000,33730000,right_only
chr9,100360000,100370000,right_only
chr9,27540000,27550000,right_only
chr9,129310000,129320000,right_only
chr9,125570000,125580000,right_only
chr9,114830000,114840000,right_only
chr9,75675000,75700000,right_only
chr9,133850000,133875000,right_only
chr9,36325000,36350000,right_only
chr9,139525000,139550000,right_only
chr9,133725000,133750000,right_only
chr9,134600000,134625000,right_only
chr9,134200000,134225000,right_only
chr9,129950000,129975000,right_only
chr9,117050000,117075000,right_only
chr9,36550000,36575000,right_only
chr9,127050000,127075000,right_only
chr9,79300000,79325000,right_only
chr9,132525000,132550000,right_only
chr9,96950000,96975000,right_only
chr9,107875000,107900000,right_only
chr9,1000000,1025000,right_only
chr9,3175000,3200000,right_only
chr9,117400000,117425000,right_only
chr9,71800000,71825000,right_only
chr9,38350000,38375000,right_only
chr9,136850000,136875000,right_only
chr9,77600000,77625000,right_only
chr9,138975000,139000000,right_only
chr9,124750000,124775000,right_only
chr9,117650000,117675000,right_only
chr9,140300000,140325000,right_only
chr9,130475000,130500000,right_only
chr9,101525000,101550000,right_only
chr9,112900000,112925000,right_only
chr9,77675000,77700000,right_only
chr9,71600000,71625000,right_only
chr9,90275000,90300000,right_only
chr9,74625000,74650000,right_only
chr9,6550000,6575000,right_only
chr9,94425000,94450000,right_only
chr9,94700000,94725000,right_only
chr9,139000000,139025000,right_only
chr9,75425000,75450000,right_only
chr9,14425000,14450000,right_only
chr9,75200000,75225000,right_only
chr9,103075000,103100000,right_only
chr9,97875000,97900000,right_only
chr9,15600000,15625000,right_only
chr9,80350000,80375000,right_only
chr9,72475000,72500000,right_only
chr9,89925000,89950000,right_only
chr9,4625000,4650000,right_only
chr9,125550000,125575000,right_only
chr9,101900000,101925000,right_only
chr9,73850000,73875000,right_only
chr9,5600000,5625000,right_only
chr9,91600000,91625000,right_only
chr9,32950000,32975000,right_only
chr9,9925000,9950000,right_only
chr9,22000000,22025000,right_only
chr9,18200000,18225000,right_only
chr9,72525000,72550000,right_only
chr9,119400000,119425000,right_only
chr9,114050000,114075000,right_only
chr9,100150000,100175000,right_only
chr9,2825000,2850000,right_only
chr9,21775000,21800000,right_only
chr9,19025000,19050000,right_only
chr9,104050000,104075000,right_only
chr9,118275000,118300000,right_only
chr9,22450000,22475000,right_only
chr9,93500000,93525000,right_only
chr9,5575000,5600000,right_only
chr9,135450000,135475000,right_only
chr9,133550000,133575000,right_only
